{"cameraMode":{"drawMode":0,"name":"Shaded","section":"Shading Mode"},"sceneLighting":false,"audioPlay":false,"sceneViewState":{"showFog":true,"showMaterialUpdate":false,"showSkybox":false,"showFlares":true,"showImageEffects":true,"showParticleSystems":true},"in2DMode":false,"pivot":{"x":-0.05075227841734886,"y":-0.895000696182251,"z":2.96213960647583},"rotation":{"x":-0.11984891444444657,"y":-0.05299080163240433,"z":0.006407142151147127,"w":-0.9913601279258728},"size":8.75971794128418,"orthographic":false}