{"cameraMode":{"drawMode":0,"name":"Shaded","section":"Shading Mode"},"sceneLighting":false,"audioPlay":false,"sceneViewState":{"showFog":true,"showMaterialUpdate":false,"showSkybox":false,"showFlares":true,"showImageEffects":true,"showParticleSystems":true},"in2DMode":false,"pivot":{"x":253.98146057128907,"y":201.66421508789063,"z":-383.8125},"rotation":{"x":-0.21202316880226136,"y":-0.18861880898475648,"z":0.04174332693219185,"w":-0.9579890966415405},"size":29.77718734741211,"orthographic":true}